Fiole;Genotype;Stade;Masse_pericarpe ;Malate
AA1;TMT135S2;4;NA;9.81
AA2;TMT135S2;4;NA;8.31
AA3;TMT135S2;4;NA;11.62
AB1;TMT135S2;8;0.16;9.86
AB2;TMT135S2;8;0.17;10.32
AB3;TMT135S2;8;0.26;9.43
AB4;TMT135S2;8;0.11;9.19
AB5;TMT135S2;8;0.16;9.84
AC1;TMT135S2;12;0.91;9.23
AC2;TMT135S2;12;1.44;8.27
AC3;TMT135S2;12;1.23;8.13
AC4;TMT135S2;12;1.61;8.23
AC5;TMT135S2;12;0.76;8.72
AD1;TMT135S2;16;3.38;8.88
AD2;TMT135S2;16;3.81;8.71
AD3;TMT135S2;16;3.32;6.95
AD4;TMT135S2;16;3.08;7.03
AD5;TMT135S2;16;4.20;6.79
AE1;TMT135S2;24;9.39;7.74
AE2;TMT135S2;24;6.84;7.82
AE3;TMT135S2;24;7.58;8.41
AE4;TMT135S2;24;8.56;7.96
AE5;TMT135S2;24;3.95;8.32
AF1;TMT135S2;30;8.48;8.55
AF2;TMT135S2;30;10.07;7.5
AF3;TMT135S2;30;9.89;8.23
AF4;TMT135S2;30;12.21;8.08
AF5;TMT135S2;30;0.83;7.86
AG1;TMT135S2;50;NA;3.91
AG2;TMT135S2;50;18.25;3.32
AG3;TMT135S2;50;21.23;3.32
AG4;TMT135S2;50;20.79;3.27
AG5;TMT135S2;50;19.10;4.21
BA1;TMT235S6;4;NA;10.72
BA2;TMT235S6;4;NA;9.06
BA3;TMT235S6;4;NA;9.49
BB1;TMT235S6;8;0.33;8.42
BB2;TMT235S6;8;0.29;8.87
BB3;TMT235S6;8;0.34;8.63
BB4;TMT235S6;8;0.37;8.3
BB5;TMT235S6;8;0.46;8.69
BC1;TMT235S6;12;1.44;6.39
BC2;TMT235S6;12;1.68;7.59
BC3;TMT235S6;12;2.50;7.7
BC4;TMT235S6;12;1.30;8.25
BC5;TMT235S6;12;1.49;8.92
BD1;TMT235S6;16;5.05;5.63
BD2;TMT235S6;16;3.05;6.59
BD3;TMT235S6;16;2.88;7.36
BD4;TMT235S6;16;4.26;4.97
BD5;TMT235S6;16;5.05;5.09
BE1;TMT235S6;24;7.93;5.31
BE2;TMT235S6;24;NA;4.72
BE3;TMT235S6;24;6.61;4.23
BE4;TMT235S6;24;11.24;4.67
BE5;TMT235S6;24;13.25;4.12
BF1;TMT235S6;30;11.84;6.87
BF2;TMT235S6;30;16.10;4.18
BF3;TMT235S6;30;13.45;6.21
BF4;TMT235S6;30;18.39;4.86
BF5;TMT235S6;30;12.97;6.19
BG1;TMT235S6;50;29.09;2.63
BG2;TMT235S6;50;37.03;2.6
BG3;TMT235S6;50;30.02;2.77
BG4;TMT235S6;50;40.12;1.86
BG5;TMT235S6;50;34.79;2.41
CA1;WT;4;NA;8.28
CA2;WT;4;NA;7.62
CA3;WT;4;NA;8.37
CB1;WT;8;0.43;6.17
CB2;WT;8;0.41;6.07
CB3;WT;8;0.51;6.33
CB4;WT;8;0.51;6.31
CB5;WT;8;0.59;6.33
CC1;WT;12;3.36;5.02
CC2;WT;12;1.79;5.69
CC3;WT;12;1.69;5.29
CC4;WT;12;4.43;4.32
CC5;WT;12;0.57;5.73
CD1;WT;16;6.28;3.7
CD2;WT;16;7.23;4.25
CD3;WT;16;4.06;5.12
CD4;WT;16;2.01;5.08
CD5;WT;16;4.76;3.16
CE1;WT;24;17.72;4.63
CE2;WT;24;18.86;4.46
CE3;WT;24;9.57;3.14
CE4;WT;24;20.60;4.24
CE5;WT;24;8.97;2.81
CF1;WT;30;19.70;4.19
CF2;WT;30;27.96;4.54
CF3;WT;30;30.49;4.72
CF4;WT;30;25.58;3.97
CF5;WT;30;33.84;4.26
CG1;WT;50;41.18;2.43
CG2;WT;50;45.99;2.13
CG3;WT;50;46.16;1.61
CG4;WT;50;51.18;2
CG5;WT;50;38.80;2.18
